company_name;address;phone;website;municipality;general_summary;portfolio;data_source;company_url;scraped_city;scraped_at
"Anarchlab, Architecture Laboratory";"R. do Almada, 152 4º andar, sala 1 4050-031 Porto, Portugal";"";"http://www.anarchlab.pt/";"Almada";"Company based in Oporto and Lisbon. Founded in 2013 and led by the architects Pedro Ribeiro da Silva and Pedro Barata. Each Anarchlab project is driven by a storytelling that adds small inventions to the world.";"Teresinha Carteiras Bolhão: https://archello.com/project/teresinha-carteiras-bolhao | Edifício Fábrica das Devesas: https://archello.com/project/edificio-fabrica-das-devesas";"Archello";"https://archello.com/brand/anarchlab-architecture-laboratory";"Almada";"2025-11-02T14:44:59.599621"
"ARQ TAILOR'S";"CHIADO - Rua Nova do Almada 95, 4ºD 1200-228 Lisboa, Portugal";"";"http://arqtailors.pt/";"Almada";"It is in Lisbon’s prestigious Bairro do Chiado that ARQ TAILOR’S develops its Architecture and Interior Design projects. In a sober and creative style, the tailor made projects signed by ARQ TAILOR´S stand out for their elegance in a unique and timeless style, creating functional and comfortable spaces aligned with the specific needs of individual clients. With a joyful and young team, the studio is known for the subtle blend of refinement and modernity in its projects, designed for both residential and commercial spaces for Portuguese and foreign clients. ARQ TAILOR´S also provides Landscaping and consultancy services in Arts and Antiques, offering its clients a wide range of very exclusive services.";"Sea Front Villa: https://archello.com/project/sea-front-villa | WINE DISTRICT: https://archello.com/project/wine-district";"Archello";"https://archello.com/brand/arq-tailors";"Almada";"2025-11-02T14:45:18.189690"
"Luis Pina Lopes - Studio";"Cascais, Portugal";"";"https://luispinalopes.com/";"Cascais";"Luis Pina Lopes – Studio is an architecture and design service that is quite different from what we usually know. Luis Pina Lopes – Studio go beyond geometry, terrain, materials, and objects. The development of each project focuses on 5 key values: Creativity, unity, vision, proximity and connection. The architecture and design carried out by my focus on the Being (Human), on its tangible as well as non-visible needs, my architecture and design focus on the soul of those who inhabit or use my spaces, and objects.
read in
Español
Português";"Cultural Café - Richmond: https://archello.com/project/cultural-cafe-richmond";"Archello";"https://archello.com/brand/luis-pina-lopes-studio";"Cascais";"2025-11-02T14:17:52.503400"
"L CAS - ARQUITECTURA";"Largo Dr. Passos Vella 9, Cascais, Portugal";"+351 214814451";"http://www.lcas.pt/";"Cascais";"L CAS' Architecture mission  is to create unforgettable spaces
read in
Deutsch
Português";"";"Archello";"https://archello.com/brand/l-cas-arquitectura";"Cascais";"2025-11-02T14:18:11.964620"
"Arkstudio";"Lisbon, Portugal";"+351 933327333";"https://arkstudio.pt/";"Lisbon";"Arkstudio is a multi disciplinary platform that combines Architecture, Interior Design, Styling and Photography, the platform was founded in 2013 by Margarida Matias and we work in the fields of architecture, renovation, interior design, styling and photography. Our motivation is to create cozy atmospheres, innovative solutions, and we place the user needs in the center of our proposals. The purpose of our research is to generate distinct ambiences that prioritize individual and collective well-being, combining an aesthetic with a functionality, and the legacy of Portuguese identity allied to the debugging of the Nordic language.";"Vale Palheiro Earth Resort: https://archello.com/project/vale-palheiro-earth-resort-2 | Santos private apartment: https://archello.com/project/santos-private-apartment-3 | Orquidea Cafe: https://archello.com/project/orquidea-cafe | Street Chow: https://archello.com/project/street-chow | House in the woods: https://archello.com/project/house-in-the-woods-8 | Teofilo Private Apartment: https://archello.com/project/teofilo-private-apartment | Restelo private apartment: https://archello.com/project/restelo-private-apartment | Mil Fontes Row Houses: https://archello.com/project/mil-fontes-row-houses-2";"Archello";"https://archello.com/brand/arkstudio";"Lisbon";"2025-11-02T14:30:07.679698"
"GV+Arquitectos";"R. Correia Teles 84B, Lisbon, Portugal";"+351 965 019 550";"https://www.gv-arquitectos.com/";"Lisbon";"GV+A Arquitectos has established itself in Portugal and Angola, founded on a clear vision: to create architecture that balances identity, function, and context. Since 2010, our practice in Angola has consolidated us as a structure with solid experience in residential, tourism, commercial, and rehabilitation projects, always attentive to the cultural and geographical specificities of each territory.
  Our mission is to transform spaces into life experiences — from the urban scale to the detail of interiors — seeking solutions that combine innovation, sophistication, and sustainability. Architecture is seen as a curatorial process, where each decision has weight and purpose, reflecting the values of GV+A: rigor, creativity, and commitment to quality.
  With a portfolio that covers architecture and engineering projects, rehabilitation, interiors, construction management and supervision, our work is distinguished by its ability to integrate multiple disciplines, ensuring consistency and excellence at every stage.
  More than just responding to functional programs, we believe that each project should dialogue with its surroundings, respect the memory of the place, and open up new possibilities for the future. This is the approach—client-centered, rooted in the territory, and guided by a contemporary vision —that defines GV+A as a benchmark in the current architectural landscape.
read in
Deutsch
Português";"Vila Pima: https://archello.com/project/vila-pima | Terraços de Bragança: https://archello.com/project/terracos-de-braganca | Nova Vida School: https://archello.com/project/nova-vida-school | Unitel Innovation Center: https://archello.com/project/unitel-innovation-center | Bungo Market: https://archello.com/project/bungo-market | CR80: https://archello.com/project/cr80 | Sidonio Pais: https://archello.com/project/sidonio-pais | Alcoutins 33: https://archello.com/project/alcoutins-33";"Archello";"https://archello.com/brand/gvarquitectos";"Lisbon";"2025-11-02T14:30:27.086206"
"Pedra Silva Arquitectos";"Travessa Corpo Santo 10 1d, Lisbon, Portugal";"+351 21 715 62 10";"http://www.pedrasilva.com/";"Lisbon";"Pedra Silva Arquitectos is an architecture and interior design studio based in Lisbon, founded in 2003 by Luis Pedra Silva. Their portfolio encompasses works across diverse typologies and scales, both in Portugal and abroad, with a focus on Healthcare, high-end Residential & Hospitality, and Office & Workplace design, having been recognised with a number of awards and publications, both nationally and internationally.
...more
read in
Português";"Aethos Ericeira Hotel: https://archello.com/project/aethos-ericeira-hotel | Optylon Krea Offices: https://archello.com/project/optylon-krea-offices | Clínica Barreiro: https://archello.com/project/clinica-barreiro-2 | Clínica Carnaxide: https://archello.com/project/clinica-carnaxide | Clip Concept Store: https://archello.com/project/clip-concept-store | Biogen Offices: https://archello.com/project/biogen-offices | Twist Clinic: https://archello.com/project/twist-clinic | Maida Smiles Clinic: https://archello.com/project/maida-smiles-clinic";"Archello";"https://archello.com/brand/pedra-silva-arquitectos";"Lisbon";"2025-11-02T14:30:39.855379"
"arriba";"n/a, Lisbon, Portugal";"";"http://www.arriba.pt/";"Lisbon";"Architecture surrounds you every minute. At Arriba we want to enhance how you experience your everyday life through the reinterpretation of the spaces you live in, from the door handle, to the street, to the city. We want you to take a step further and enjoy all of what a perfectly tailored space has to offer.";"Casa de Hóspedes: https://archello.com/project/casa-de-hospedes | Hernani Cidade: https://archello.com/project/hernani-cidade | Entrecampos: https://archello.com/project/entrecampos | Capitão Leitão: https://archello.com/project/capitao-leitao | Mouraria: https://archello.com/project/mouraria | Bica do Sapato: https://archello.com/project/bica-do-sapato | Ajuda: https://archello.com/project/ajuda | Graça: https://archello.com/project/graca";"Archello";"https://archello.com/brand/arriba";"Lisbon";"2025-11-02T14:31:02.041463"
"Camarim";"Campo Grande no. 10e, Lisbon, Portugal";"";"http://www.camarim.pt/";"Lisbon";"Camarim is the architectural office created by Vasco Correia and Patrícia Sousa in 2007. We are at the moment involved in a series of very different projects, ranging from small, low-budget housing renovations for end-users to medium-size public buildings with innovative programs. We work in close dialogue with the clients, consultants, contractors and end users, in a collaborative process of production, so that each project translates a holistic solution: informed, intelligent and innovative. After the project, we continue actively involved in its construction and completion. Though we are a young company, we have attracted the attention of the media from countries like Argentina, Brasil*, Canada, Chile, China, Dubai*, Italy, Mexico*, Portugal and the United Kingdom. Our effort to produce energy-efficient designs was recognized by France5 (French National Broadcaster), who included us in a documentary about sustainable building in December 2009. Most importantly, designs like Casa Tropical have gained the recognition of the local community as an added-value to their town; we believe this was achieved because of our pursuit for excellence in conception and execution of each project. The following is a mind-frame that guides our approach to the architectural practice: Camarim is an architecture laboratory where we study the spatial arrangement of human activities. We operate on various programmes, budgets and scales – from the city to the tools of everyday life – and we approach each project as an opportunity to explore new solutions, in relation to the specificities of the program and the physical and cultural context. We aim to design systems that are durable, functional, flexible, energy efficient, beautiful: we seek spaces and materials with the potential to generate complex mental landscapes from visual, tactile, acoustical and aromatic input, landscapes that evolve throughout the day, the seasons and life, as a living organism.";"Garden No. 2 – Limburg: https://archello.com/project/garden-no-2-limburg | House No. 7 – Avenidas Novas: https://archello.com/project/house-no-7-avenidas-novas | House No. 11 – Santa Isabel: https://archello.com/project/house-no-11-santa-isabel | Apartment No. 10 + Office n.º 1 – Limburg: https://archello.com/project/apartment-no-10-office-n-1-limburg | Guacamole 2: https://archello.com/project/guacamole-2 | A029: https://archello.com/project/a029 | Delgada 1: https://archello.com/project/delgada-1 | DG2: https://archello.com/project/dg2";"Archello";"https://archello.com/brand/camarim";"Lisbon";"2025-11-02T14:31:21.818075"
"PROMONTORIO";"R. Fabrica Material Guerra, 10, Lisbon, Portugal";"+351218620970";"http://www.promontorio.net/";"Lisbon";"A five-partner firm lead by Paulo Martins Barata, Joao Luis Ferreira, Paulo Perloiro, Pedro Appleton and Joao Perloiro, PROMONTORIO is a full-service architecture, planning, landscaping, interior design and graphics team that began in Lisbon in 1990 as an experimental studio. It consistently grew into a practice of fifty architects, planners, landscape architects, interior designers and graphic designers. Underlying its approach to the urban form, the work of PROMONTORIO has often been identified with the pursuit of a ‘system of robustness’ (i.e. solidity, stability and durability) both in terms of representational meaning and technical research. This in turn, has been implemented and tested in vast construction sites and under challenging time and budget constrains. Our process springs from a dynamic and focused design culture that fosters collaboration above all. This cohesive and interactive structure enables us to deal with large and complex projects both in terms of design and programme. Ranging from schools, museums and cultural institutions, to housing, offices, hotels and retail, PROMONTORIO has accomplished projects in Algeria, Angola, Brazil, Bulgaria, Cape Verde, China, Dubai, Germany, Hungary, Italy, Georgia, Mozambique, Portugal, Qatar, Romania, Serbia, Spain, Switzerland, Turkey and Vietnam, having established partnerships in many of these. The work of PROMONTORIO has been widely published in A10, Area, Architectural Review, Architecti, Arqa, Arquitectura Viva, A+T, Detail, 2G, Domus, Expresso, Prototypo, Público, JA, Lotus, Techniques & Architecture, The Plan, etc. Our work has received various international awards and has been presented in conferences and lectures in Austria, Brazil, Finland, France, Germany, Holland, Italy, Portugal, UK and the USA. It was exhibited, among others, in the 9th Venice Architecture Biennial, in La Triennale di Milano, in Arc en rêve (Bordeaux), in Cornell University (Ithaca), and more recently in Aedes Gallery (Berlin).";"Viceroy at Ombria, Algarve: https://archello.com/project/viceroy-at-ombria-algarve | Casa da Volta: https://archello.com/project/casa-da-volta | Telheiras Housing: https://archello.com/project/telheiras-housing | Matosinhos Retail Park: https://archello.com/project/matosinhos-retail-park | Patio House: https://archello.com/project/patio-house-10 | Embassy of Egypt: https://archello.com/project/embassy-of-egypt | A SQUARE IN SUMMER: https://archello.com/project/a-square-in-summer | GS1 Portugal: https://archello.com/project/gs1-portugal";"Archello";"https://archello.com/brand/promontorio";"Lisbon";"2025-11-02T14:31:42.115966"
"Fragmentos";"Lisbon, Portugal";"";"http://www.fragmentos.pt/en/";"Lisbon";"Fragmentos is a collective of four architects Duarte Pinto Coelho, Marcus Cerdeira, Miguel Santos and Pedro Silva Lopes. For over two decades we have been designing the most ambitious and challenging architectural works. Every project, from a residential building to a masterplan, reflects our determination and commitment within which we dedicate ourselves to the challenges set before us. Headquartered in Lisbon, our studio has spread to Chile and Angola in an effort to connect cities and to promote diverse thinking. In 2019, believing that architecture and engineering are best achieved in close collaboration, we have expanded our services to drive the whole design process.";"Floene: https://archello.com/project/floene | Victor Cordon: https://archello.com/project/victor-cordon | Possidónio 37: https://archello.com/project/possidonio-37 | Palácio da Anunciada: https://archello.com/project/palacio-da-anunciada | Auchan Bayview: https://archello.com/project/auchan-bayview | António Granjo: https://archello.com/project/antonio-granjo | Prazeres 37: https://archello.com/project/prazeres-37 | Quake Museum: https://archello.com/project/quake-museum";"Archello";"https://archello.com/brand/fragmentos";"Lisbon";"2025-11-02T14:32:02.261537"
"Settanta7";"";"+39 0299250597";"https://settanta7.com/";"Lisbon";"Settanta7 is an architectural firm founded in 2009 by Daniele Rangone and Elena Rionda, which currently counts 12 partners and over 130 collaborators across five offices: Milan, Turin, Tirana, Lyon, and Lisbon.
Settanta7 promotes inclusive and accessible architecture, respecting the diverse needs of individuals and encouraging social interaction. The firm's horizontal structure and the autonomy granted to its teams empower it to effectively tackle the challenges of innovation and change, while actively sharing its insights at numerous conferences and conventions across Europe. Settanta7 has won several prestigious awards—both national and international—such as The Plan Award, Big See, and OICE, which testify to these efforts.
Leading projects include: the Cittadella Scolastica in Castel Volturno, the Bosco della Musica in Milan, the Engineering Hub at the University of Padua, and the former Scalo Ravone in Bologna.
read in
Italiano";"Padova Hub: https://archello.com/project/padova-hub | Bosco della Musica: https://archello.com/project/bosco-della-musica | Nuovo Polo Scolastico a Castel Volturno: https://archello.com/project/nuovo-polo-scolastico-a-castel-volturno | Nuovo Polo Scolastico di Busca: https://archello.com/project/nuovo-polo-scolastico-di-busca | Re_Start Scampia: https://archello.com/project/restart-scampia | Como Ex Caserma: https://archello.com/project/como-ex-caserma | The Renovation of Primary and Secondary School: https://archello.com/project/the-renovation-of-primary-and-secondary-school | Nuovo liceo scientifico “A.M Enriques Agnoletti” di Sesto Fiorentino: https://archello.com/project/nuovo-liceo-scientifico-am-enriques-agnoletti-di-sesto-fiorentino";"Archello";"https://archello.com/brand/settanta7";"Lisbon";"2025-11-02T14:32:24.007110"
"Henrique Barros-Gomes";"Lisbon, Portugal";"+351935430203";"http://www.henriquebgomes.com/";"Lisbon";"Lisbon based architecture practice, based on a contemporary design philosophy, expert on architecture and visualization.";"Rural House in Portugal: https://archello.com/project/rural-house-in-portugal | Apartment refurbishment in Lisbon: https://archello.com/project/apartment-refurbishment-in-lisbon | Barn Renovation in Ferreira do Zezere: https://archello.com/project/barn-renovation-in-ferreira-do-zezere | The Modernist Cabin: https://archello.com/project/the-modernist-cabin | House near Lisbon: https://archello.com/project/house-near-lisbon | Refurbishment of a traditional stone house: https://archello.com/project/refurbishment-of-a-traditional-stone-house | Portela's Apartment Refurbishment: https://archello.com/project/portelas-apartment-refurbishment | Linear House in Douro: https://archello.com/project/linear-house-in-douro";"Archello";"https://archello.com/brand/henrique-barros-gomes";"Lisbon";"2025-11-02T14:32:45.268365"
"[i]da Arquitectos";"Calçada do Carmo 17, 4ºE Lisbon, Portugal";"+351 213478034";"http://www.i-da.eu/";"Lisbon";"[i]da arquitectos is a studio for architecture, urbanism and urban rehabilitation, based in Lisbon, Portugal. It was founded by Portuguese architects Ivan de Sousa and Inês Antunes, both graduated in Architecture at the Milan Polytechnic in 2002. In 2003 they became members of the Order of Architects of Rome and in 2005 of the Order of Portuguese Architects. Inês Antunes worked with RicciSpaini studio in Rome, obtained a PhD in Architecture from IUAV University of Venice, and since 2018, she is a professor at the Cascais School of Arts and Design, where she currently coordinates the Interior Design course. Ivan de Sousa acquired his professional experience by collaborating first at the Fuksas studio and then at the Nicola di Battista studio, both in Rome. They participated as teachers in courses, workshops and seminars at various universities, including the Modern University of Lisbon, University of Genoa and the University of Cagliari. They have been awarded in several international competitions, among which are Urban Regeneration of the block Aurifícia in Oporto, Europan 10 in Lisbon, Revitalization Iliria Square in Durres, Qualità Italia in Rionero in Vulture, Menoèpiù in Rome, Europan 8 in Palmela and Delle Provincie-Lega Lombarda in Rome. Their work have been published in national and international books and magazines.
...more
read in
Português
Italiano";"Casa PR: https://archello.com/project/casa-pr-4 | Casa do Poço: https://archello.com/project/casa-do-poco | Falésia D'El Rey House: https://archello.com/project/falesia-del-rey-house-2 | ARN 25 House: https://archello.com/project/arn-25-house | Hotel Pé no Monte Phase II: https://archello.com/project/hotel-pe-no-monte-phase-ii | Namu House: https://archello.com/project/namu-house | XXS House | Odemira: https://archello.com/project/xxs-house-odemira | Street vs Road - Europan 10: https://archello.com/project/street-vs-road-europan-10";"Archello";"https://archello.com/brand/ida-arquitectos";"Lisbon";"2025-11-02T14:33:00.420773"
"RAR.STUDIO";"Lisbon, Portugal";"";"http://www.rar-studio.com/";"Lisbon";"rar.studio is a Lisbon-based architectural practice, designing and producing places and objects, research and critical thinking. Transversal to the nature of the exercise, the scale of intervention or the respective client typology, the studio’s work inherently involves the design of solutions deploying sensitive, critical and responsive perspectives on the context and the contingencies prevailing. The design process is determined by the principles of client collaboration, mediation with the supervisory entities and assembling and coordinating teams incorporating the necessary range of technical and specialist skills, knowledge and experience. Through joint reflection, the studio ensures broad reaching, efficient and precise project development.";"Apartment CK: https://archello.com/project/apartment-ck | Apartment AR: https://archello.com/project/apartment-ar-2 | Cycles: https://archello.com/project/cycles | Apartment AP: https://archello.com/project/apartment-ap | Apartment ME: https://archello.com/project/apartment-me | Manchester Building: https://archello.com/project/manchester-building | Musa da Bica: https://archello.com/project/musa-da-bica | Apartment AMC: https://archello.com/project/apartment-amc";"Archello";"https://archello.com/brand/rarstudio";"Lisbon";"2025-11-02T14:33:19.689831"
"José Adriao Architects";"Lisbon, Portugal";"+351 21 362 07 62";"http://www.joseadriao.com/";"Lisbon";"José Adrião Arquitectos is a structure that works in collaboration with different professionals, including engineers, landscape architects, and visual artists. On a project level, the intervention searches for diversity in terms of order and scale. The interventions on territory and landscape or on smaller scale projects such as housing, equipments or services, allow the studio to strength strategies which are based on an extensive knowledge, allowing for distinct and specific proposals for each case. Taking the standard as a starting point, aims to create non-normative proposals that result on informal, heterogeneous and inclusive spaces.";"Casa Santo António: https://archello.com/project/casa-santo-antonio | Eugaria: https://archello.com/project/eugaria | Douradores: https://archello.com/project/douradores | Borges Carneiro: https://archello.com/project/borges-carneiro | Praia do Estoril: https://archello.com/project/praia-do-estoril | Praça Fonte Nova: https://archello.com/project/praca-fonte-nova | CASA DOS PRAZERES: https://archello.com/project/casa-dos-prazeres | Casa da Severa: https://archello.com/project/casa-da-severa";"Archello";"https://archello.com/brand/jose-adriao-architects";"Lisbon";"2025-11-02T14:33:31.703497"
"Miguel Marcelino";"Calçada da Boa Hora 87, Lisbon, Portugal";"";"https://www.marcelino.pt/";"Lisbon";"Miguel Marcelino (Portugal, 1981), architect (UAL, 2005), lives and works in Lisbon. Studied music from 1993 to 1998 at the Gregorian Institute of Lisbon. Worked with Herzog & de Meuron (Switzerland, 2003/04) and Bonell & Gil (Spain, 2005/07), before establishing his own office in 2008, winning right on that year his first open competition.
His built work covers the most varied scales and programs, from small private dwellings to large public buildings.
Parallel to the atelier he has developed other occasional activities as lecturer, jury of prizes and architectural competitions, or as tutor in university workshops.
His work has been exhibited and published in the most diverse media, both national and international, having been invited to integrate the official Portuguese representation at the Venice Architecture Biennale in 2014.";"LAJE FOOTBALL FIELD: https://archello.com/project/laje-football-field | Casa do Quintal: https://archello.com/project/casa-do-quintal | Hypostyle House: https://archello.com/project/hypostyle-house | Museum of Mechanical Music: https://archello.com/project/museum-of-mechanical-music | Casal Saloio – Museum of Rurality: https://archello.com/project/casal-saloio-museum-of-rurality | Apartment Alfornelos: https://archello.com/project/apartment-alfornelos | Telheiras Apartment: https://archello.com/project/telheiras-apartment-2 | Fonte de Angeão School: https://archello.com/project/fonte-de-angeao-school";"Archello";"https://archello.com/brand/miguel-marcelino";"Lisbon";"2025-11-02T14:33:50.620220"
"NOMOS";"Rua Rodrigues de Faria no 103, Lisbon, Portugal";"+41 22 308 43 00";"http://nomos.archi/";"Lisbon";"NOMOS is an association of architects based in Geneva, Lisbon and Madrid. We work at home and abroad on projects of all scales, from furniture to masterplanning, always under an architectural approach, with a focus on community, cultural context and sustainability. We explore new ways of inhabiting space through architecture, placing special interest in drawing as a graphic expression to build our ideas. Together, we design buildings that find opportunities in constraints, and we approach each project with enthusiasm, care and curiosity, always looking for a sustainable beauty. Geneva is headed by Katrien Vertenten & Lucas Camponovo, Massimo Bianco, Daniel Schwarz and Ugo Togni. Lisbon is headed by Jorge Paquete & Veronica Pires. Madrid is headed by Ophélie Herranz & Paul Galindo.
read in
Español";"EL GARAJE: https://archello.com/project/el-garaje | PASODOBLE: https://archello.com/project/pasodoble | Dr. Prévost: https://archello.com/project/dr-prevost | FATA: https://archello.com/project/fata | BOMBAR: https://archello.com/project/bombar | La Nave: https://archello.com/project/la-nave | Tasso: https://archello.com/project/tasso | Paradiso: https://archello.com/project/paradiso";"Archello";"https://archello.com/brand/nomos-2";"Lisbon";"2025-11-02T14:34:09.001512"
"SpaceWorks";"Lisbon, Portugal";"+351965227229";"https://www.spaceworks.io/";"Lisbon";"We make spaces work. Inspirational and highly functional (work)spaces, large scale event design, and architectural & urban planning services";"Avalanche House Berlin: https://archello.com/project/avalanche-house-berlin | CCA Law Firm Lisbon HQ: https://archello.com/project/cca-law-firm-lisbon-hq | Quinta da Melhorada: https://archello.com/project/quinta-da-melhorada | Carcavelos Residence: https://archello.com/project/carcavelos-residence | Manta Lisbon HQ: https://archello.com/project/manta-lisbon-hq | Heden Coworking Rossio: https://archello.com/project/heden-coworking-rossio | CCA: https://archello.com/project/cca";"Archello";"https://archello.com/brand/spaceworks-2";"Lisbon";"2025-11-02T14:34:29.982594"
"Ateliermob";"R. dos Fanqueiros nº 235, 4º Esq. 1100 229 - Lisbon, Portugal";"+351 218863869";"http://www.ateliermob.com/";"Lisbon";"Ateliermob is a multidisciplinary platform for the development of ideas, research and projects in the areas of architecture, landscape, design and urbanism. The company was founded in 2005 in Lisbon, as a result of several works carried out by its founding partners. In 2016, a cooperative - ""Working with the 99%"" - was created for the provision of services in the fields of architecture and social or intervention design, urban planning, strategic planning, coordination and implementation of projects, and training. At the same time, this platform has been developing research work to support project-practice, an online architecture space, architectural design, urban planning and has maintained a regular presence in various forums and national and international networks like: the European ReKreators network, the Observatory of Mexico City, DLBC Lisbon Network, the laboratory of participatory practices developed in the region of Basilicata, in Italy, or the official representation of Portugal at the Venice Architecture Biennale 2014.
read in
Português";"Palácio Marquês de Abrantes: https://archello.com/project/palacio-marques-de-abrantes | Manuel Valente House: https://archello.com/project/manuel-valente-house | Deolinda Santos' House: https://archello.com/project/deolinda-santos-house-2 | António Nunes' House: https://archello.com/project/antonio-nunes-house | Cozinha Comunitária das Terras da Costa: https://archello.com/project/cozinha-comunitaria-das-terras-da-costa | Alvega Canoeing Center: https://archello.com/project/alvega-canoeing-center | Coffee Shop + Shading Surface, Sacavém: https://archello.com/project/coffee-shop-shading-surface-sacavem";"Archello";"https://archello.com/brand/ateliermob";"Lisbon";"2025-11-02T14:34:40.288947"
"MENDONÇA CARRÃO - ATELIER";"Lisbon, Portugal";"";"https://www.mc-a.pt/";"Lisbon";"INTERIOR DESIGN \ BUILDING DESIGN \ LICENSES & PERMITS \ BUDGET MANAGEMENT \ ENGINEERING PROJECTS \ CONSTRUCTION MANAGMENT \";"PORTUGUESE CENTER OF CHINESE MEDICINE: https://archello.com/project/portuguese-center-of-chinese-medicine | COFIDIS Work Lab: https://archello.com/project/cofidis-work-lab | LARANJEIRAS Apartment: https://archello.com/project/laranjeiras-apartment | BOOL Lisbon office: https://archello.com/project/bool-lisbon-office | OKAH Rootop & Restaurant: https://archello.com/project/okah-rootop-restaurant | WODIFY Lisbon Office: https://archello.com/project/wodify-lisbon-office";"Archello";"https://archello.com/brand/mendonca-carrao-atelier";"Lisbon";"2025-11-02T14:35:10.358457"
"Colectivo Warehouse";"Lisbon, Portugal";"00351 916 701 044";"http://www.warehouse.pt/";"Lisbon";"Colectivo Warehouse is a Lisbon based collective working across architecture, design and art. Since 2013, Warehouse has been working on different scales around Europe, deeply involved on cultural and social projects. Combining multi-disciplinary tools from architecture, urbanism, sociology, carpentry and design, it has been developing its own methodologies based on participation, engagement and co-creation that have been producing successful projects. Colectivo Warehouse provides the following services: Architecture, Design, Art installations, Tutoring, Mediation, Participative dynamics, Carpentry, Research and Consulting. We design and re-design, research, involve, experiment, learn and teach, prototype, build, engage, activate and celebrate. Then we disassemble, store and make it all again.
read in
Português";"Natural Construído: https://archello.com/project/natural-construido | Ma Bibliotheque: https://archello.com/project/ma-bibliotheque | Brincadeira Circular: https://archello.com/project/brincadeira-circular | Flagship Shelters / Bottle Collectors VIP: https://archello.com/project/flagship-shelters-bottle-collectors-vip | Cozinha Comunitária das Terras da Costa: https://archello.com/project/cozinha-comunitaria-das-terras-da-costa | SOPA DA PEDRA: https://archello.com/project/sopa-da-pedra";"Archello";"https://archello.com/brand/colectivo-warehouse-2";"Lisbon";"2025-11-02T14:35:30.506943"
"MMV Arquitectos";"Lisbon, Portugal";"";"http://www.mmvarquitectos.com/";"Lisbon";"“An architecture that defies conventions is an architecture we can love for many decades.” MMV “Even if we see ourselves as individuals that deliver creativity in architecture, one can never lose sight from efficiency and coordination, solid knowledge and monitoring specialties. In this profession, creativity alone is not an attribute in itself. It only gains true value when strengthened by a solid know how and, many times, by the ability of solving locally on the work spot, where surprises occur.” MMV Miguel Marques Venâncio is founder, manager and coordinating architect of MMVarchitects, located in Lisbon since 2008. His work experience is long, plural, and today, the studio performance lays on innovation and technical competence as priority standards for success. He believes in a transforming, humanized architecture based on artistical development as process, merging the function with an intrinsic beauty to unveil. This ductile character of architecture reinforces the studios search for the precise aspects that define the composition. These aspects will serve each project along with a skilled choice of materials and construction techniques. Whatever the program data for a space, the studios line of work stands in its ability to harmonize and balancing concepts. All the components are raw material to beneficially mold the space to its living, building timelessness bonds.
read in
Português";"Suspended Matter Box: https://archello.com/project/suspended-matter-box | arts studio 16: https://archello.com/project/arts-studio-16 | INDUSTRIAL SCULPTURE: https://archello.com/project/industrial-sculpture | DENTAL CLINIC: https://archello.com/project/dental-clinic | Designing in Teheran: https://archello.com/project/designing-in-teheran-3 | SPEECH CLINIC: https://archello.com/project/speech-clinic";"Archello";"https://archello.com/brand/mmv-arquitectos";"Lisbon";"2025-11-02T14:35:49.351456"
"KEMA studio";"Lisbon, Portugal";"";"http://www.kema.pt/";"Lisbon";"KEMA studio is a collaboration of two architects.
After years of experience gained in portuguese architectural offices, there emerged an idea to create their very own studio, based on innovation and creativity, and giving special attention to detail.
The studio began its practice in 2015 with renovations of “unwanted”, rejected properties, where discovery of their true potential and their return to existence could be achieved only by means of a profound study.
Our principle is to revive the spirit of reminiscence of each place with contemporary techniques and elements. In our belief, there is always a story to be discovered and told through a thorough intervention.
Though our main focus is renovation, we also develop new construction projects of various scales and functions.";"Vila Ferreira: https://archello.com/project/vila-ferreira | Marvila Attic: https://archello.com/project/marvila-attic | Duplex Porto: https://archello.com/project/duplex-porto | Rua Maria Loft: https://archello.com/project/rua-maria-loft";"Archello";"https://archello.com/brand/kema-studio";"Lisbon";"2025-11-02T14:36:05.211715"
"Pedro Cabrito + Isabel Diniz architects";"n/a, Lisbon, Portugal";"";"http://www.pcidarch.wordpress.com/";"Lisbon";"Pedro Cabrito and Isabel Diniz are working together since 2000, in their studio based in Lisbon. Their work combines formal and spatial experimentation with extreme constructive rigor and an ethic of sustainability in the choice and use of materials. This attitude is present in the numerous large scale exhibition projects completed over the last few years where their approach has been strongly influenced by neo-objectual art.The architectural practice of Pedro Cabrito + Isabel Diniz is thus characterized by processes of formalization based on a constant relationship with the images, stimuli and materiality of everyday life, without any language restriction, emphasizing its metaphorical and poetic value.";"Ilustrarte – Biennial International Exhibition: https://archello.com/project/ilustrarte-biennial-international-exhibition | ILUSTRARTE'16 exhibition design: https://archello.com/project/ilustrarte16-exhibition-design | ILUSTRARTE 2018, Biennial International Exhibition: https://archello.com/project/ilustrarte-2018-biennial-international-exhibition | Ilustrarte 2014 exhibition: https://archello.com/project/ilustrarte-2014-exhibition";"Archello";"https://archello.com/brand/pedro-cabrito-isabel-diniz-architects";"Lisbon";"2025-11-02T14:36:21.502673"
"BOOST studio";"Lisbon, Portugal";"";"http://www.booststudio.pt/";"Lisbon";"BOOST is an architectural practice based in Lisboa, Portugal, experienced in newly built and refurbishment projects. We work from the envisioning of the project to its construction, engaging our clients, the council, consultants and contractors throughout the process. We are constantly pursuing the best architectural, economical and social solutions, empowered by the rigour, excellence and ambition with which we embrace each and every challenge.";"Alegro Sintra: https://archello.com/project/alegro-sintra | INH41: https://archello.com/project/inh41 | TQ62: https://archello.com/project/tq62 | A5O125: https://archello.com/project/a5o125";"Archello";"https://archello.com/brand/boost-studio";"Lisbon";"2025-11-02T14:36:40.930593"
"IKEA Foundation";"Lisbon, Portugal";"+31 71524 9349";"http://www.ikeafoundation.org/Home";"Lisbon";"We're working toward a world where children living in poverty have more opportunities to create a better future for themselves and their families. Thanks to IKEA’s dedicated co-workers and customers, we were able to donate €82 million in 2012 to fund children’s programmes in some of the world's poorest communities.";"Nomad Cabins x IKEA: https://archello.com/project/nomad-cabins-x-ikea | UNHCR signs for 10,000 flat-pack shelters: https://archello.com/project/unhcr-signs-for-10000-flat-pack-shelters | Flat-pack refugee shelters: https://archello.com/project/flat-pack-refugee-shelters";"Archello";"https://archello.com/brand/ikea-foundation";"Lisbon";"2025-11-02T14:36:56.766194"
"Matos Gameiro arquitectos";"Av. Elias Garcia 20, 1 dto , Lisbon, Portugal";"+351 21 812 4761";"http://www.matosgameiro.com/";"Lisbon";"Matos Gameiro arquitectos is a Lisbon based architectural practice. Over the past 20 years the practice developed projects of a wide range of scales and program, resulting from private and public commissions.";"Grândola's Library and Municipal Archive: https://archello.com/project/grandolas-library-and-municipal-archive | House in Estremoz: https://archello.com/project/house-in-estremoz | House in Alfama: https://archello.com/project/house-in-alfama";"Archello";"https://archello.com/brand/matos-gameiro-arquitectos";"Lisbon";"2025-11-02T14:37:11.284886"
"Posto 9";"n/a, Lisbon, Portugal";"";"http://posto9.pt/";"Lisbon";"“POSTO 9” develops works in the scope of architecture, urbanism, and construction supervision, operating in various national and international geographical areas, and having particular vocation to act as a privileged partner in the development of projects in Portuguese-speaking territory. The entrepreneurial strategy consists on the excellence of service rendering and on a close relationship with the clients, supporting their investments in the quest for maximum quality with an effective cost control. The programmatic and geographical diversity of the elaborated projects is supported by an action of coordination of multidisciplinary teams, where companies accredited in the different technical areas participate. The “POSTO 9 arquitectos” company was founded in Lisbon in 2004, having as managing partners the architects: André Ferreira and Joana Castanheira.";"Veterinary Clinic: https://archello.com/project/veterinary-clinic | H Building: https://archello.com/project/h-building";"Archello";"https://archello.com/brand/posto-9";"Lisbon";"2025-11-02T14:37:29.843506"
"maxime mangold architect";"Lisbon, Portugal";"";"http://maximemangold.com/";"Lisbon";"Maxime Mangold is a young architect based in Lyon (France) and Lisbon (Portugal). Since 2019, he has been developing projects of different types at different scales. With the aim of simplicity and sustainability, the office conducts a reflection and specific support for each project. This results in a rational and fresh architectural language where each decision is taken transparently with the client for the benefit of the final object.";"O PIF: https://archello.com/project/o-pif | RÉVELER: https://archello.com/project/reveler";"Archello";"https://archello.com/brand/maxime-mangold-architect";"Lisbon";"2025-11-02T14:37:47.713826"
"Orgânica Arq.";"LISBON (Av EUA, 60 - 10º Esq. 1700-177 Lisboa, Portugal)";"";"http://organica.pt/";"Lisbon";"O nome “orgânica” vem de “organizar” e “organismo”. O pressuposto é o de uma entidade viva em que diferentes funções são desempenhadas por órgãos diferentes incapazes de se substituírem entre si e que concorrem para a vitalidade do conjunto. Orgânica Arquitectura, formada em 2006, segundo o principio anterior, tem a missão de criar obras de arquitectura a partir da investigação dos programas do cliente, o carâcter do lugar, e a realidade material, por meio de uma organização formal e estética do presente, que responde a perguntas actuais, através da sua utilidade e aparência. A sua práctica atravessa vários programas e escalas; tem origem em concursos públicos, encomendas privadas e parcerias com outros ateliers, e usa princípios e exigências que se norteiam pela qualidade e criatividade. Orgânica Arquitectura entende a obra arquitectónica segundo uma ordem e estrutura regrada pela matéria, capaz de oferecer diversos significados e qualidades sensíveis.";"House in Caramujeira: https://archello.com/project/house-in-caramujeira | Semi-Detached Houses in Calçada dos Mestres: https://archello.com/project/semi-detached-houses-in-calcada-dos-mestres";"Archello";"https://archello.com/brand/organica-arq";"Lisbon";"2025-11-02T14:38:06.034314"
"MARTINA ARCHITECTURE";"Largo Adelino Amaro da Costa, Lisbon, Portugal";"";"https://www.martinaarch.com/";"Lisbon";"Master's in Architecture from the Faculty of Architecture of the University of Porto and the Technical School of Architecture of Barcelona (2004 - 2010). Collaborated with Architect Pedro Magalhães Basto in Porto during the academic journey and with Santiago Vives in Barcelona after completing the studies. Founder of Martina Architecture (2016), continues to this day as a designer, working both individually and occasionally in partnerships with other colleagues. The practice of everyday architecture is developed with the belief that recurrent travels to other cities enhance knowledge and become essential in finding solutions that are contemporary, daring, and capable. ""The space that is left empty is as important as the space that is filled."" - Fernando Távora.";"AC85 - Matosinhos Housing: https://archello.com/project/ac85-matosinhos-housing | AH – Moradia Unifamiliar de Azeitão: https://archello.com/project/ah-moradia-unifamiliar-de-azeitao";"Archello";"https://archello.com/brand/martina-architecture";"Lisbon";"2025-11-02T14:38:33.855818"
"GIMA Projectos";"Rua Almirante Sarmento Rodrigues, Lisbon, Portugal";"(+351) 915 875 089";"https://www.gima-projectos.pt/";"Lisbon";"GIMA Projectos - Architecture and Engineering was founded in 2003 in Lisbon by José Possidónio CEO and project leader architect. -Multidisciplinary team to approach all projects. - National and international projects in the public and private sectors. - Consultancy and licensing - Providing advice and counseling in the preliminary stages of the project, including Prior Information Requests, Prior Communications, Licensing. - 3D modeling and display.
read in
Português";"Desterro: https://archello.com/project/desterro | Moradia Almodovar: https://archello.com/project/moradia-almodovar";"Archello";"https://archello.com/brand/gima-projectos";"Lisbon";"2025-11-02T14:38:52.613041"
"Subvert";"Rua da Rosa, 237, Lisbon, Portugal";"+351 213 426 237";"http://www.subvert.pt/";"Lisbon";"SUBVERT is a multidisciplinary studio based in Lisbon that employs new methods and concepts to find the best creative solutions for each project. From branding to identity, graphic design to architecture, SUBVERT designs and develops spaces, images and experiences that create and communicate new ideas. Each project is tailored and customized to each client, always focused on the ideal of excellence that defines the studio. Our team; a group of architects, designers and thinkers, who love what they do while doing it. At SUBVERT we never establish any limits. We feel passionate about everything we do, and we always try to step out of our comfort zone and create solutions that could empower change.";"Gonçalo Leite de Campos & Associados: https://archello.com/project/goncalo-leite-de-campos-associados | TUPÃ - A SOUTH AMERICAN TOTEM: https://archello.com/project/tupa-a-south-american-totem";"Archello";"https://archello.com/brand/subvert";"Lisbon";"2025-11-02T14:39:09.448423"
"Pedro Leger Pereira";"Lisbon, Portugal";"(+47) 45693601";"http://www.pedrolegerpereira.pt/";"Lisbon";"Pedro Léger Pereira is an award-­‐winning Architect and Sculptor that often travels and explores the world alone to experience different countries and cultures. He has visited most of the most iconic contemporary buildings and artworks that he is constantly sketching and studying in order to expand his professional and cultural skills. With a “long” and enriched professional experience, Pedro won several first prizes in Sculpture and Architecture competitions from of which we highlight a shortlisted project that he participated in the prestigious Mies van der Rohe Award and several other projects leaded by him shortlisted for several years in the World Architecture Festival. In the past few years, he had several solo exhibitions around the world and has various urban sculptures implemented in public spaces and several singular buildings already become built. Was the winner of several first prizes and distinctions in Art competitions having recently been a representative of Norway in the prestigious “Canson Prix 2015”. Pedro Léger Pereira has lived and worked so far in several countries around the world like The Netherlands, USA, Portugal and Norway and most of his works in collaboration in diverse prestigious Studios are widely published in several Art and Architecture magazines worldwide. His Art works are represented in several private collections and public museums, mostly in Portugal and also in Norway where he currently lives and works.";"Sculpture Exhibition “distância(s) . distance(s)“: https://archello.com/project/sculpture-exhibition-distancias-distances";"Archello";"https://archello.com/brand/pedro-leger-pereira";"Lisbon";"2025-11-02T14:39:27.750303"
"Forward";"Rua de João Penha nº14A, Lisbon, Portugal";"";"http://www.forward-aid.com/";"Lisbon";"Marco Teixeira, with a strong experience in the architecture and interior design field, developed his competences in some of the most accredited firms where he gathered a valuable list of clients, suppliers, partners, specialized press and renowned artists. Responsible for the formation and coordination of several teams, he has been invited to participate in some of the most prestigious national and international projects. “Look back to go forward” Marco Teixeira CEO";"Green Building: https://archello.com/project/green-building-2";"Archello";"https://archello.com/brand/forward";"Lisbon";"2025-11-02T14:39:47.983721"
"Carlos Delgado Pinto";"Lisbon, Portugal";"";"";"Lisbon";"Established in 2007 by Carlos Delgado Pinto, the Inloki,lda provide services in the field of architecture and urban planning. Its works is focused on new housing and renewal projects as well as providing interior design services for firms aiming to align the space and comfort solutions with its entrepreneurial culture. Inloki, lda has a focus on consultancy for both public and private institutions on real estate management and urban planning strategy.";"Outsystems office: https://archello.com/project/outsystems-office";"Archello";"https://archello.com/brand/carlos-delgado-pinto";"Lisbon";"2025-11-02T14:40:16.280359"
"TARGA atelier";"n/a, Lisbon, Portugal";"+351 965351044";"http://www.targa-atelier.com/";"Lisbon";"Targa atelier was raised by a team of architects committed to create an integrated practice between design, image and architecture in order to provide a custom service and more accurate projects due to the interaction within complementary subjects. Therefore we rely on realistic simulations through the process, in a strait dialog with the client in order to capture the right feeling for each space and always being sensitive to the small details so important for a skilled final result. On the other hand the respect and interest for the architectural heritage provided the importance of having an expert team in refurbishment, with specific post-graduated studies which allow to face the demanding challenge of adapting old buildings to the high standards of quality and comfort of nowadays.The uniqueness of each building and its memories need to be updated into the present and that process aims for a tight bond between old and new. Now even more then ever the complementary working subjects should coexist and serve themselves, never forgetting that in this process none of them could exist without the others. The relation established it's a balanced symbiosis with a beginning, a middle part and an end. To Imagine, To Design, To Build";"House in Estoril: https://archello.com/project/house-in-estoril-2";"Archello";"https://archello.com/brand/targa-atelier";"Lisbon";"2025-11-02T14:40:34.526624"
"Pedro Leger Pereira";"Lisbon, Portugal";"(+47) 45693601";"http://www.pedrolegerpereira.pt/";"Lisbon";"Pedro Léger Pereira is an award-­‐winning Architect and Sculptor that often travels and explores the world alone to experience different countries and cultures. He has visited most of the most iconic contemporary buildings and artworks that he is constantly sketching and studying in order to expand his professional and cultural skills. With a “long” and enriched professional experience, Pedro won several first prizes in Sculpture and Architecture competitions from of which we highlight a shortlisted project that he participated in the prestigious Mies van der Rohe Award and several other projects leaded by him shortlisted for several years in the World Architecture Festival. In the past few years, he had several solo exhibitions around the world and has various urban sculptures implemented in public spaces and several singular buildings already become built. Was the winner of several first prizes and distinctions in Art competitions having recently been a representative of Norway in the prestigious “Canson Prix 2015”. Pedro Léger Pereira has lived and worked so far in several countries around the world like The Netherlands, USA, Portugal and Norway and most of his works in collaboration in diverse prestigious Studios are widely published in several Art and Architecture magazines worldwide. His Art works are represented in several private collections and public museums, mostly in Portugal and also in Norway where he currently lives and works.";"Sculpture Exhibition “distância(s) . distance(s)“: https://archello.com/project/sculpture-exhibition-distancias-distances";"Archello";"https://archello.com/brand/pedro-leger-pereira";"Lisbon";"2025-11-02T14:40:46.292225"
"JPS Atelier";"Rua Francisco Manuel de Melo, 14 A, Oeiras, Portugal";"+351 214 211 176";"http://www.jpsatelier.com/";"Oeiras";"Architecture, Design And Engineering";"MS House, Vila Utopia: https://archello.com/project/ms-house-vila-utopia | JC House: https://archello.com/project/jc-house | ML House: https://archello.com/project/ml-house-2";"Archello";"https://archello.com/brand/jps-atelier";"Oeiras";"2025-11-02T14:14:18.032513"
"Espaço a3";"Av. Dr. Arlindo Vicente nº 90, 3ºesq, Seixal, Portugal";"";"http://www.espacoa3.pt/";"Seixal";"Espaço a3 was established in May 1 st, 2004, being a young and dynamic team that always look to do a work with strong character and individuality with each client. Today the office counts with a various number of finalized jobs in diferent work fields, since multi-family residence buildings, single family residence, commercial, retail, reconstruction and alteration jobs of existing spaces and buildings. The team assumes the commitment of being capable to share skills and abilities to find solutions, a collective eye to exceed what is conventional. The Architecture of “espaço a3” has the objective to create distinct and relevant architecture with the starting point resting within the unique context and specific conditions of the individual project. Taking an active approach, “espaço a3” is involved throughout the whole process, from developing the early sketch to the on-site supervision. Based on a filosofy that believe that a client with precise objectives allows to stimulate criativity and helping to design the project, ideas turn in to materialized buildings. The architecture of “Espaço a3-Arquitectura Personalizada” has the objective of not leaving you indifferent... Attitude, is a constant and indispensable presence in our office.";"Clínica Prof. Luis Jardim: https://archello.com/project/clinica-prof-luis-jardim | House in Marisol: https://archello.com/project/house-in-marisol | House In Vale Bem: https://archello.com/project/house-in-vale-bem";"Archello";"https://archello.com/brand/espaco-a3";"Seixal";"2025-11-02T14:47:49.656861"
"SPL - Arquitectos";"Sesimbra, Sesimbra, Portugal";"";"http://www.spl-arquitectos.com/";"Sesimbra";"SPL.Arquitectos Studio is based in Sesimbra and works in the areas of architecture and engineering.";"House NB: https://archello.com/project/house-nb | House RM: https://archello.com/project/house-rm-2 | House AV: https://archello.com/project/house-av | House AS: https://archello.com/project/house-as | Edif. FS: https://archello.com/project/edif-fs | Casa CP: https://archello.com/project/casa-cp | Casa BR: https://archello.com/project/casa-br | Casa HR: https://archello.com/project/casa-hr";"Archello";"https://archello.com/brand/spl-arquitectos";"Sesimbra";"2025-11-02T14:49:48.381421"
"SAMI.arquitectos";"R. Augusto Cardoso, Setubal, Portugal";"+351 265 000 247";"http://www.sami-arquitectos.com/";"Setúbal";"SAMI-Arquitectos was founded in 2005 by Inês Vieira da Silva and Miguel Vieira. Since then architecture projects have been designed for public and private clients in europe, namely portugal and poland, having in mind an international perspective for its work. The atelier has been referred to, nationally and internationally, for work developed by teams of young architects. Besides invitations to participate in several exhibitions and conferences, its work has been internationally presented in specialized publication, namely in north korea, portugal, spain, france, united kingdom, germany, the netherlands and italy. It was selected for various prizes from which stands out the ""European Union Prize for Contemporary Architecture - Mies Van Der Rohe Award 2007"", barcelona, with the building ""Gruta Das Torres Visitor Centre"" located on the Pico Island, Azores - Portugal.";"Azores Wine Company Winery: https://archello.com/project/azores-wine-company-winery | E/C House: https://archello.com/project/ec-house-2 | Villa Ordos100: https://archello.com/project/villa-ordos100 | C/Z House: https://archello.com/project/cz-house | JA Apartment: https://archello.com/project/ja-apartment | Interpretation Centre of World Heritage Landscape: https://archello.com/project/interpretation-centre-of-world-heritage-landscape | Gruta das Torres Visitor Centre: https://archello.com/project/gruta-das-torres-visitor-centre";"Archello";"https://archello.com/brand/samiarquitectos";"Setúbal";"2025-11-02T14:57:27.927863"
