"company_name";"address";"phone";"website";"municipality";"general_summary";"portfolio";"data_source";"company_url";"scraped_city";"scraped_at"
"SFA arquitetos";"Sabrosa, Portugal";"";"https://sergioacferreira.wixsite.com/sfarquitetos";"Sintra";"SFA – SÉRGIO FERREIRA ARQUITETOS is an architecture firm, headquartered in Sabrosa (5060-326), directed by Sérgio Ferreira. SFA – SÉRGIO FERREIRA ARQUITETOS was born in 2010, with the focus of hosting the architecture activity. In this sense, the company focuses on several areas, namely the architectural object, urban planning, root works, conservation, reconstruction and rehabilitation. In this sense, SFA – SÉRGIO FERREIRA ARQUITETOS values personal and professional growth and development, which is why it undertakes to carry out professional and educational projects, with the aim in mind of integrating the artistic and technical conception of architectural objects in a duty of citizenship, of respect for the identity and memory of each place. Available from Monday to Friday, from 9:00 am to 6:30 pm, SFA – SÉRGIO FERREIRA ARQUITETOS is open to welcome you and present the solution suited to your needs and desires, in a simple and effective way. Do not hesitate to get in touch with SFA – SÉRGIO FERREIRA ARQUITETOS, via email or telephone contact for more information and request your first quote now!";"Espaço de Apoio à Visitação: https://archello.com/project/espaco-de-apoio-a-visitacao-2";"Archello";"https://archello.com/brand/sfa-arquitetos";"Sintra";"2025-11-01T23:04:29.552405"
"Sofia Granjo Arquitetos";"Rua Doutor Ferreira de Macedo, 42 S11, Vila Nova de Gaia, Portugal";"+351224109491";"http://www.sofiagranjo.com/";"Sintra";"Sofia Granjo Arquitetos is an architecture office dedicated to the design and renovation of buildings.";"Honorary Consulate of the Republic of Namibia: https://archello.com/project/honorary-consulate-of-the-republic-of-namibia";"Archello";"https://archello.com/brand/sofia-granjo-arquitetos";"Sintra";"2025-11-01T23:04:47.136563"
"spacelovers";"Calçada da Tapada, Lisbon, Portugal";"";"https://spacelovers.pt/";"Sintra";"We are an innovative and experienced team that in 2015 registers the brand spacelovers, to embody the attitude of intervening in buildings, in a technically informed way, connoisseurs of the difficulties and potentialities of each building and transform them into valued spaces, where we want to live and to work. Passionate about space and architecture ... so spacelovers is born ... Specializing in remodeling and refurbishments, we are a ‘one-stop-shop’ for property owners, investors, and real estate agents looking for innovation and professionalism. We intervene with the purpose of valuing the property, through contemporary and functional solutions for each type of use. Aware that real estate is an important asset for our clients, all our efforts are directed to maximize their market value. We attach a realistic budget to a custom design so that your remodeling is a successful investment. Committed to delivering quality works, spacelovers designs, and prepares the construction in advance. The works are performed by qualified professionals, with a constant technical follow-up, giving special attention to details and finishes. So we reach the excellent result that spacelovers is proud to deliver to our Clients. We offer bespoke projects and construction preparation. Construction management and technical accompaniment prepared by architects and engineers. We only work with selected subcontractors and suppliers. We use materials and construction techniques appropriated to each type of building system. We remodel with you and for you! See our portfolio at https://spacelovers.pt/
read in
Português";"Remodelação apartamento Penha de França em Lisboa: https://archello.com/project/remodelacao-apartamento-penha-de-franca-em-lisboa";"Archello";"https://archello.com/brand/spacelovers";"Sintra";"2025-11-01T23:05:00.190343"
"Renata Pinho";"Porto, Portugal";"";"";"Sintra";"Renata Pinho was born in P—voa de Varzim in 1982.
Holds a high superior degree in Architecture from FAUP (Faculty of Architecture of University of Porto).
Graduated in 2006 and during this course she was a scholarship holder from UP (University of Porto) while studying at ƒcole d'Architecture Paris Val-de-Seine.
In 2006 she worked as junior architect at  nbAA studio in Lisbon
In 2006 she worked as junior architect at Pedit Bodvay Architekten, and with Treusch Architektur, both in Vienna.
In 2007 she worked as an architect at Arcologica LTD in New York.
  Renata currently works as a senior architect with Paula Santos arquitectura in Porto.Besides architecture, Renata keeps a parallel activity in scenic arts.";"The Yellow Renovation: https://archello.com/project/the-yellow-renovation";"Archello";"https://archello.com/brand/renata-pinho";"Sintra";"2025-11-01T23:05:11.641105"
"Brandão Costa Lima";"Apartado 052215, EC Eça de Queirós, Porto, Portugal";"";"http://www.brandaocostalima.com/";"Sintra";"Brandão Costa Lima Founded by Amélia Brandão Costa and Rodrigo da Costa Lima in 2007. Since then they have designed a very different range of projects from very small scale projects, as furniture and villas, to public buildings or urban plans. Their work has been presented and awarded. This website is a selection of what they have been doing. Amélia Brandão Costa Graduated in Architecture at ULP, Porto in 2004. She also studied at Staatliche Akademie der Bildenden Künste Stuttgart and she won the first prize by Domus magazine for a MA in Design at Domus Academy in Milan. Before establishing her own office in 2007 with Rodrigo da Costa Lima she learned from João Pedro Serôdio, Isabel Furtado, Jacques Herzog and Pierre de Meuron. Her works and writings have been published and presented on lectures and exhibitions. She is founder and director of 'Indexnewspaper' and 'Porto Academy'. Rodrigo da Costa Lima Graduated in Architecture at ULP, Porto, in 2003. Before establishing his own office in 2007 with Amélia Brandão Costa he learned from João Pedro Serôdio, Isabel Furtado, Jacques Herzog and Pierre de Meuron. His works and writings have been published and presented on lectures and exhibitions. He is founder and director of 'Indexnewspaper' and 'Porto Academy'.";"Studio for a photographer: https://archello.com/project/studio-for-a-photographer";"Archello";"https://archello.com/brand/brandao-costa-lima";"Sintra";"2025-11-01T23:05:26.917663"
"Rosmaninho+Azevedo Arquitectos";"Praça Coronel Pacheco, 2 4150-453 Porto, Portugal";"";"http://www.rosmaninhoazevedo.com/";"Sintra";"Rosmaninho + Azevedo is the name of the studio formed in Porto in 2015 by Susana Rosmaninho and Pedro Azevedo. From the beginning they’re dedicated to the most diverse scales, programs and sites, showing great resilience with tight budgets and deadlines. They move in the permanent search for a synthesis, in an optimistic and pragmatic process that focuses on the essential and that often finds in the constraints an unblocking. They seek that all project challenges are opportunities to solve problems and make architecture happen. Their intention is to foster the practice of architecture with additional multi-disciplinary improvements such as museology. All projects interest them, public and private, from houses to museums, from exhibitions and small ephemeral buildings to urbanism. The common factor linking the projects and works is that they are faithful to clear formal concepts, which are complemented by easily comprehensible building strategies. We highlight the Tua Valley Interpretive Centre and the Project for the Requalification and Musealization of Casa do Passal – Aristides de Sousa Mendes (1st Prize, 2017). In addition to the distinctions in public competitions, our work has been published nationally and internationally. In 2018 the Tua Valley Interpretive Centre won the Jury’s Special Award in the Archizinc Trophy – VMZinc (Paris); it was also nominated for the EU Prize for Contemporary Architecture – Mies van der Rohe Award 2019, was a finalist in the Bauwelt Award 2019: First Works and a finalist in The Plan Award 2019. For its set of projects and works this practice was a finalist in the Architectural Review Emerging Architecture Awards (AREA) 2018. Susana Rosmaninho Architect, museologist and cultural producer. Master in Museology by the Faculty of Arts of the University of Porto (2013). Researcher at CITCEM – Transdisciplinary Research Centre «Culture, Space and Memory», since 2014. She has developed museological consulting for various entities. Collaborated between 2011 and 2012 in the curatorial assistance and production of exhibitions under the program of Art and Architecture of Guimarães 2012 European Capital of Culture. Co-founder and director of the Cultural Association Container & Content since 2015. Pedro Azevedo Master in Architecture by the Lusíada University of Porto (2009). Finalist of the Secil Architecture Award Universities 2009. Advanced Studies Course in Architectural Heritage by the Faculty of Architecture of the University of Porto (2018). Fellow of the Santa María la Real Foundation (2010). Collaborated between 2010 and 2015 with Menos é Mais Architects (Cristina Guedes + Francisco Vieira de Campos). Co-founder of the Cultural Association Container & Content (2015).
...more";"Tua Valley Interpretive Centre: https://archello.com/project/tua-valley-interpretive-centre";"Archello";"https://archello.com/brand/rosmaninhoazevedo-arquitectos";"Sintra";"2025-11-01T23:05:41.222659"
"Francisco Portugal E Gomes";"www.francisco-portugal.com/";"";"https://www.francisco-portugal.com/";"Sintra";"Francisco Portugal e Gomes was born on the 10th of July, 1963 in Oporto, Portugal. In 1983 enters the Architecture Course of Belas Artes in Oporto. In 1989 gets the graduate degree in Architecture by the FAUP - Architecture Faculty of Oporto University. Between 1988 and 1997 cooperates with the architects Jorge Gigante, Francisco Melo, José Gigante and João Álvaro Rocha in their own's office. From 1992 to 1995 was pointed out as collaborator in two projects of architects José Gigante and João Álvaro Rocha's authorship: LNIV - National Laboratory of Veterinary Investigation in Varão, Vila do Conde and ICP - Institute of the Portuguese Comunications/ North Delegation. The first work received the Prize for the European Section of the American Institute of Architects (AIA) in 2001 and the second was awarded with the Prize Architecti/ Centro Cultural de Belém in 1995. From 1994 to 2000, Francisco Portugal e Gomes performed several projects in co-authorship with architect João Álvaro Rocha. From 2001 on works as architect in his own office located in Oporto, Portugal. Between 1995, and 1997, teached as invited assistant in the FAUP - Architecture Faculty of Oporto University. Since 2005 works in the ESG/ Escola Superior Gallaecia, teaching Urban and Rural Rehabilitation to the 5th degree of the Architecture Course. In 1991 receives the secound prize in the Restricted Contest, Municipal Public Library in Santo Tirso. In 2004 is also awarded with the 2nd Prize in the Restricted Contest concerning the Touristic Undertaking Quinta Vale Covo. In 2006, receives the 4 th Honourable Mention in the International Contest of the Bridge-Museum Academy, Venice, Italy. In co-authorship with architect João Álvaro Rocha wins several prizes: Honourable Mention in the Public Contest for the Cultural Building in the Enclosure of Palácio de Cristal, Oporto, 1994; first Prize in the Restricted Contest by Previous Qualification for the Universitary Student's Dwelling of the Universitary Pole in Alto da Ajuda, Lisbon, 1996; first Prize in the contest for the Conception/ Construction of the Urban Park in Moutidos, Maia, 1997. In the year 2000, he is also finalist of the Premis FAD/Barcelona - Architecture Section, with the Residential Complex of Outeiro I, from the P.E.R. Program of the Town Hall of Maia.
...more";"Restaurant + House of Tea: https://archello.com/project/restaurant-house-of-tea";"Archello";"https://archello.com/brand/francisco-portugal-e-gomes";"Sintra";"2025-11-01T23:05:54.971142"
"Antonio Pedro Faria";"Portugal";"";"http://www.antoniopedrofaria.com/";"Sintra";"António Pedro Faria has a Master degree in Architecture from Faculty of Architecture of the University of Porto. In 2017 he makes in co-authorship with the architects LACATON & VASSAL the “Invited International Competition for the Rehabilitation of Portugalia’s Block” and the “Competition for the Rehabilitation of the Lycee Français Charles Lepierre”, also in co-authorship with the architects LACATON & VASSAL and Nuno Valentim. Member of the Portuguese Architects Association (no24581), made an internship at LACATON&VASSAL, in Paris (2016) and ATELIERMOB, in Lisbon (2016-2017). He worked in ATELIERDATA, in Lisbon (2017-1019). In 2019 he won a Scholarship for outstanding application to participate in the international workshop “Creating Homes for Tomorrow”, organized by Canactions School and held in Amsterdam, Zurich, Helsinki and Kiev. In 2016, gets the 2nd place for a ideas competition to the reabilitation of an housing complex in the historical centre of Braga (Portugal). Before that period, he worked for Lisbon Architecture Trienalle and the Portuguese Directorate General of Arts as a copy-editor for the Oficial Portuguese Representation at Venice Architecture Biennale 2014, with the name :”Homeland: news from Portugal”. He ended his master studies, finishing his master thesis under the name: “Porto, S. Victor area. City | Architecture | Politics. reality and draw”, with the highest score.
read in
Português";"Rua de São Marcos House Renovation: https://archello.com/project/rua-de-sao-marcos-house-renovation";"Archello";"https://archello.com/brand/antonio-pedro-faria";"Sintra";"2025-11-01T23:06:12.864213"
"Sandro Ferreira Arquitectura";"Braga, Portugal";"+351 963878400";"";"Sintra";"Sandro Ferreira architecture, is an architecture studio based in Braga, Portugal. Focused on achieving a perfect harmony between form, place and function, the studio develops strategic and pragmatic solutions, centered on the human relationship with space. The creative process is based on experimentation, maturation, strategy and theory, in order to create architecture with meaning and to create spaces that combine functionality and aesthetic appeal. The projects are based on good architectural practices and in partnership with all professionals involved in the project, in order to materialize the clients' aspirations.";"Casa SA: https://archello.com/project/casa-sa-4";"Archello";"https://archello.com/brand/sandro-ferreira-arquitectura";"Sintra";"2025-11-01T23:06:26.854805"
